scenario,dataset,algorithm,total_submitted,total_completed,edge_completed,cloud_completed,total_incomplete,completion_ratio,edge_execution_ratio,cloud_execution_ratio,avg_waiting_time,avg_execution_time,avg_turnaround_time,avg_wall_clock_time,makespan,throughput,avg_cost,runner_wall_clock_ms,instance,lottery_seed,mct_sigma,mct_seed
"no_stress","MQT-Set01-298-10-27-IBMQ27-Opt3-Extra.csv","P:1/0/0/0",298,298,298,0,0,1.0000,1.0000,0.0000,20831.005061521253,715.061510067114,21546.066571588366,21546.066571588366,63265.3500,0.004710319314,1144.098416107383,13,0,1,0.0,1
"no_stress","MQT-Set01-298-10-27-IBMQ27-Opt3-Extra.csv","P:0.45/0.40/0/0",298,298,298,0,0,1.0000,1.0000,0.0000,20670.8448803132,708.648154362416,21379.49303467562,21379.49303467562,56938.8400,0.005233685829,1133.837046979866,17,0,1,0.0,1
"no_stress","MQT-Set01-298-10-27-IBMQ27-Opt3-Extra.csv","P:0.45/0/0.15/0",298,298,298,0,0,1.0000,1.0000,0.0000,20835.642813199098,715.96822147651,21551.61103467561,21551.61103467561,63265.3400,0.004710320058,1145.549154362416,17,0,1,0.0,1
"no_stress","MQT-Set01-298-10-27-IBMQ27-Opt3-Extra.csv","P:0/0.40/0.15/0",298,298,298,0,0,1.0000,1.0000,0.0000,46716.908719239385,634.416040268457,47351.32475950784,47351.32475950784,98384.37000000001,0.003028936405,1015.065664429529,17,0,1,0.0,1
"no_stress","MQT-Set01-298-10-27-IBMQ27-Opt3-Extra.csv","P:0/1/0/0",298,298,298,0,0,1.0000,1.0000,0.0000,46716.908719239385,634.416040268457,47351.32475950784,47351.32475950784,98384.37000000001,0.003028936405,1015.065664429529,13,0,1,0.0,1
"no_stress","MQT-Set01-298-10-27-IBMQ27-Opt3-Extra.csv","P:0/0/1/0",298,298,298,0,0,1.0000,1.0000,0.0000,112516.57389261747,761.298020134228,113277.8719127517,113277.8719127517,226866.8100,0.001313546041,1218.076832214765,2,0,1,0.0,1
"no_stress","MQT-Set01-298-10-27-IBMQ27-Opt3-Extra.csv","MCT",298,298,298,0,0,1.0000,1.0000,0.0000,19643.00511521253,698.360167785235,20341.365282997762,20341.365282997762,42051.0500,0.007086624472,1117.376268456376,15,0,1,0.0,1
"no_stress","MQT-Set02-10-27-Mapped-AllAlgorithmLeft-Extra.csv","P:1/0/0/0",1133,1133,1133,0,0,1.0000,1.0000,0.0000,179590.10599763994,1621.496434245364,181211.6024318853,181211.6024318853,451395.9600,0.00250999145,2594.394294792588,63,0,1,0.0,1
"no_stress","MQT-Set02-10-27-Mapped-AllAlgorithmLeft-Extra.csv","P:0.45/0.40/0/0",1133,1133,1133,0,0,1.0000,1.0000,0.0000,179791.28217594375,1626.566451897618,181417.84862784127,181417.84862784127,469156.9800,0.002414969932,2602.506323036187,52,0,1,0.0,1
"no_stress","MQT-Set02-10-27-Mapped-AllAlgorithmLeft-Extra.csv","P:0.45/0/0.15/0",1133,1133,1133,0,0,1.0000,1.0000,0.0000,178767.47612533087,1609.977299205648,180377.45342453654,180377.45342453654,451395.9900,0.002509991283,2575.963678729036,75,0,1,0.0,1
"no_stress","MQT-Set02-10-27-Mapped-AllAlgorithmLeft-Extra.csv","P:0/0.40/0.15/0",1133,1133,1133,0,0,1.0000,1.0000,0.0000,398845.2894075464,1458.023345101499,400303.3127526479,400303.3127526479,847807.8600,0.001336387705,2332.837352162398,63,0,1,0.0,1
"no_stress","MQT-Set02-10-27-Mapped-AllAlgorithmLeft-Extra.csv","P:0/1/0/0",1133,1133,1133,0,0,1.0000,1.0000,0.0000,398845.2894075464,1458.023345101499,400303.3127526479,400303.3127526479,847807.8600,0.001336387705,2332.837352162398,66,0,1,0.0,1
"no_stress","MQT-Set02-10-27-Mapped-AllAlgorithmLeft-Extra.csv","P:0/0/1/0",1133,1133,1133,0,0,1.0000,1.0000,0.0000,958125.7164593996,1749.626487202118,959875.3429466016,959875.3429466016,1982326.8100,0.000571550561,2799.402379523389,73,0,1,0.0,1
"no_stress","MQT-Set02-10-27-Mapped-AllAlgorithmLeft-Extra.csv","MCT",1133,1133,1133,0,0,1.0000,1.0000,0.0000,157475.16301442552,1595.077475728154,159070.2404901537,159070.2404901537,424116.0200,0.00267143882,2552.123961165048,64,0,1,0.0,1
"no_stress","MQT-Set03-7-127-AllOpt-IBMMapped-Only127-Extra.csv","P:1/0/0/0",5818,5818,0,5818,0,1.0000,0.0000,1.0000,9494714.895369733,19803.261259883155,9514518.156629613,9514518.156629613,39901714.67999999,0.00014580827,31685.218015813047,3619,0,1,0.0,1
"no_stress","MQT-Set03-7-127-AllOpt-IBMMapped-Only127-Extra.csv","P:0.45/0.40/0/0",5818,5818,0,5818,0,1.0000,0.0000,1.0000,10014619.553518312,20456.286498796828,10035075.84001711,10035075.84001711,42962173.199999996,0.000135421455,32730.058398074973,3544,0,1,0.0,1
"no_stress","MQT-Set03-7-127-AllOpt-IBMMapped-Only127-Extra.csv","P:0.45/0/0.15/0",5818,5818,0,5818,0,1.0000,0.0000,1.0000,10014619.553518312,20456.286498796828,10035075.84001711,10035075.84001711,42962173.199999996,0.000135421455,32730.058398074973,3564,0,1,0.0,1
"no_stress","MQT-Set03-7-127-AllOpt-IBMMapped-Only127-Extra.csv","P:0/0.40/0.15/0",5818,5818,0,5818,0,1.0000,0.0000,1.0000,19203145.386859722,6616.79074596081,19209762.17760568,19209762.17760568,38496488.559999995,0.000151130667,10586.8651935373,3697,0,1,0.0,1
"no_stress","MQT-Set03-7-127-AllOpt-IBMMapped-Only127-Extra.csv","P:0/1/0/0",5818,5818,0,5818,0,1.0000,0.0000,1.0000,19203145.386859722,6616.79074596081,19209762.17760568,19209762.17760568,38496488.559999995,0.000151130667,10586.8651935373,3647,0,1,0.0,1
"no_stress","MQT-Set03-7-127-AllOpt-IBMMapped-Only127-Extra.csv","P:0/0/1/0",5818,5818,0,5818,0,1.0000,0.0000,1.0000,19203145.386859722,6616.79074596081,19209762.17760568,19209762.17760568,38496488.559999995,0.000151130667,10586.8651935373,3664,0,1,0.0,1
"no_stress","MQT-Set03-7-127-AllOpt-IBMMapped-Only127-Extra.csv","MCT",5818,5818,0,5818,0,1.0000,0.0000,1.0000,6542520.862160313,13563.271471295991,6556084.133631608,6556084.133631608,13235058.4200,0.000439590051,21701.234354073556,3699,0,1,0.0,1
"no_stress","MQT-Set04-7-127-AllOpt-IBMMapped-Extra.csv","P:1/0/0/0",7315,7315,1497,5818,0,1.0000,0.204647983595,0.795352016405,7627413.678276818,16174.145856459349,7643587.824133275,7643587.824133275,39901714.6900,0.000183325455,25878.633370334966,3695,0,1,0.0,1
"no_stress","MQT-Set04-7-127-AllOpt-IBMMapped-Extra.csv","P:0.45/0.40/0/0",7315,7315,1497,5818,0,1.0000,0.204647983595,0.795352016405,8040160.9034904055,16688.956248803792,8056849.859739211,8056849.859739211,42962173.2100,0.000170266061,26702.329998086127,3626,0,1,0.0,1
"no_stress","MQT-Set04-7-127-AllOpt-IBMMapped-Extra.csv","P:0.45/0/0.15/0",7315,7315,1497,5818,0,1.0000,0.204647983595,0.795352016405,8041557.855963478,16696.708999316445,8058254.564962797,8058254.564962797,42962173.2100,0.000170266061,26714.734398906447,3674,0,1,0.0,1
"no_stress","MQT-Set04-7-127-AllOpt-IBMMapped-Extra.csv","P:0/0.40/0.15/0",7315,7315,1497,5818,0,1.0000,0.204647983595,0.795352016405,15444291.842207586,5642.580519480523,15449934.422727067,15449934.422727067,38496488.5700,0.000190017331,9028.128831168851,3988,0,1,0.0,1
"no_stress","MQT-Set04-7-127-AllOpt-IBMMapped-Extra.csv","P:0/1/0/0",7315,7315,1497,5818,0,1.0000,0.204647983595,0.795352016405,15444291.842207586,5642.580519480523,15449934.422727067,15449934.422727067,38496488.5700,0.000190017331,9028.128831168851,7216,0,1,0.0,1
"no_stress","MQT-Set04-7-127-AllOpt-IBMMapped-Extra.csv","P:0/0/1/0",7315,7315,1497,5818,0,1.0000,0.204647983595,0.795352016405,15683987.20456867,5718.560731373891,15689705.765300043,15689705.765300043,38496488.5700,0.000190017331,9149.697170198217,7331,0,1,0.0,1
"no_stress","MQT-Set04-7-127-AllOpt-IBMMapped-Extra.csv","MCT",7315,7315,1497,5818,0,1.0000,0.204647983595,0.795352016405,5273352.426890209,11205.381551606326,5284557.808441816,5284557.808441816,13235058.4300,0.000552698731,17928.610482570057,7128,0,1,0.0,1
"stress","MQT-Set01-298-10-27-IBMQ27-Opt3-Extra.csv","P:1/0/0/0",298,298,298,0,0,1.0000,1.0000,0.0000,57793.09793903802,1801.449362416106,59594.547301454135,59594.547301454135,290883.45999999996,0.001024465262,2882.318979865771,26,0,1,0.0,1
"stress","MQT-Set01-298-10-27-IBMQ27-Opt3-Extra.csv","P:0.45/0.40/0/0",298,298,298,0,0,1.0000,1.0000,0.0000,56461.128288590604,1769.265704697987,58230.39399328859,58230.39399328859,261795.09999999998,0.001138294796,2830.825127516779,39,0,1,0.0,1
"stress","MQT-Set01-298-10-27-IBMQ27-Opt3-Extra.csv","P:0.45/0/0.15/0",298,298,298,0,0,1.0000,1.0000,0.0000,55735.0008920582,1736.023758389262,57471.024650447456,57471.024650447456,290883.4100,0.001024465438,2777.638013422816,28,0,1,0.0,1
"stress","MQT-Set01-298-10-27-IBMQ27-Opt3-Extra.csv","P:0/0.40/0.15/0",298,298,298,0,0,1.0000,1.0000,0.0000,117795.35419463087,1455.743758389261,119251.09795302016,119251.09795302016,247297.2100,0.001205027748,2329.19001342282,35,0,1,0.0,1
"stress","MQT-Set01-298-10-27-IBMQ27-Opt3-Extra.csv","P:0/1/0/0",298,298,298,0,0,1.0000,1.0000,0.0000,117795.35419463087,1455.743758389261,119251.09795302016,119251.09795302016,247297.2100,0.001205027748,2329.19001342282,32,0,1,0.0,1
"stress","MQT-Set01-298-10-27-IBMQ27-Opt3-Extra.csv","P:0/0/1/0",298,298,298,0,0,1.0000,1.0000,0.0000,283704.548624161,1746.891543624161,285451.4401677852,285451.4401677852,520573.6800,0.000572445384,2795.026469798658,25,0,1,0.0,1
"stress","MQT-Set01-298-10-27-IBMQ27-Opt3-Extra.csv","MCT",298,298,298,0,0,1.0000,1.0000,0.0000,43557.646677852346,1600.529194630872,45158.175872483225,45158.175872483225,97961.7200,0.003042004571,2560.846711409396,25,0,1,0.0,1
"stress","MQT-Set02-10-27-Mapped-AllAlgorithmLeft-Extra.csv","P:1/0/0/0",1133,1133,1133,0,0,1.0000,1.0000,0.0000,633447.3693902299,4691.338208296555,638138.7075985264,638138.7075985264,2895691.9300,0.000391270904,7506.141133274495,119,0,1,0.0,1
"stress","MQT-Set02-10-27-Mapped-AllAlgorithmLeft-Extra.csv","P:0.45/0.40/0/0",1133,1133,1133,0,0,1.0000,1.0000,0.0000,629124.8843843773,4613.394068843778,633738.278453221,633738.278453221,2606122.9700,0.00043474541,7381.430510150037,125,0,1,0.0,1
"stress","MQT-Set02-10-27-Mapped-AllAlgorithmLeft-Extra.csv","P:0.45/0/0.15/0",1133,1133,1133,0,0,1.0000,1.0000,0.0000,604744.6468221534,4509.109947043242,609253.7567691966,609253.7567691966,2895691.9600000004,0.0003912709,7214.5759152692,109,0,1,0.0,1
"stress","MQT-Set02-10-27-Mapped-AllAlgorithmLeft-Extra.csv","P:0/0.40/0.15/0",1133,1133,1133,0,0,1.0000,1.0000,0.0000,1281102.3407149173,3774.200979699904,1284876.5416946174,1284876.5416946174,2398201.9400000004,0.000472437279,6038.721567519866,123,0,1,0.0,1
"stress","MQT-Set02-10-27-Mapped-AllAlgorithmLeft-Extra.csv","P:0/1/0/0",1133,1133,1133,0,0,1.0000,1.0000,0.0000,1281102.3407149173,3774.200979699904,1284876.5416946174,1284876.5416946174,2398201.9400000004,0.000472437279,6038.721567519866,129,0,1,0.0,1
"stress","MQT-Set02-10-27-Mapped-AllAlgorithmLeft-Extra.csv","P:0/0/1/0",1133,1133,1133,0,0,1.0000,1.0000,0.0000,3076633.8278283314,4529.039761694615,3081162.8675900265,3081162.8675900265,5131402.0500,0.000220797355,7246.463618711386,120,0,1,0.0,1
"stress","MQT-Set02-10-27-Mapped-AllAlgorithmLeft-Extra.csv","MCT",1133,1133,1133,0,0,1.0000,1.0000,0.0000,403528.4212687548,4114.060970873786,407642.4822396286,407642.4822396286,1205507.1500,0.000939853405,6582.497553398054,119,0,1,0.0,1
"stress","MQT-Set03-7-127-AllOpt-IBMMapped-Only127-Extra.csv","P:1/0/0/0",5818,5818,0,5818,0,1.0000,0.0000,1.0000,21171859.43694682,44152.34003781353,21216011.776984632,21216011.776984632,90321312.3400,0.000064414476,70643.74406050178,7351,0,1,0.0,1
"stress","MQT-Set03-7-127-AllOpt-IBMMapped-Only127-Extra.csv","P:0.45/0.40/0/0",5818,5818,0,5818,0,1.0000,0.0000,1.0000,20950054.55122072,42694.11767445845,20992748.668895178,20992748.668895178,80151451.4500,0.000072587581,68310.5882791337,7316,0,1,0.0,1
"stress","MQT-Set03-7-127-AllOpt-IBMMapped-Only127-Extra.csv","P:0.45/0/0.15/0",5818,5818,0,5818,0,1.0000,0.0000,1.0000,20950054.55122072,42694.11767445845,20992748.668895178,20992748.668895178,80151451.4500,0.000072587581,68310.5882791337,7056,0,1,0.0,1
"stress","MQT-Set03-7-127-AllOpt-IBMMapped-Only127-Extra.csv","P:0/0.40/0.15/0",5818,5818,0,5818,0,1.0000,0.0000,1.0000,41477833.81073518,14303.751961155036,41492137.56269634,41492137.56269634,83219228.91000001,0.000069911727,22886.00313784809,7307,0,1,0.0,1
"stress","MQT-Set03-7-127-AllOpt-IBMMapped-Only127-Extra.csv","P:0/1/0/0",5818,5818,0,5818,0,1.0000,0.0000,1.0000,41477833.81073518,14303.751961155036,41492137.56269634,41492137.56269634,83219228.91000001,0.000069911727,22886.00313784809,7121,0,1,0.0,1
"stress","MQT-Set03-7-127-AllOpt-IBMMapped-Only127-Extra.csv","P:0/0/1/0",5818,5818,0,5818,0,1.0000,0.0000,1.0000,41477833.81073518,14303.751961155036,41492137.56269634,41492137.56269634,83219228.91000001,0.000069911727,22886.00313784809,9143,0,1,0.0,1
"stress","MQT-Set03-7-127-AllOpt-IBMMapped-Only127-Extra.csv","MCT",5818,5818,0,5818,0,1.0000,0.0000,1.0000,14017092.559249923,29292.418191818517,14046384.977441745,14046384.977441745,28708523.9200,0.000202657581,46867.86910690963,9377,0,1,0.0,1
"stress","MQT-Set04-7-127-AllOpt-IBMMapped-Extra.csv","P:1/0/0/0",7315,7315,1497,5818,0,1.0000,0.204647983595,0.795352016405,15414074.863616945,34132.920192754704,15448207.783809695,15448207.783809695,89614837.6100,0.000081627108,54612.67230840728,9738,0,1,0.0,1
"stress","MQT-Set04-7-127-AllOpt-IBMMapped-Extra.csv","P:0.45/0.40/0/0",7315,7315,1497,5818,0,1.0000,0.204647983595,0.795352016405,17087440.421092182,34514.77104853045,17121955.192140713,17121955.192140713,88912852.1900,0.000082271571,55223.63367764876,8088,0,1,0.0,1
"stress","MQT-Set04-7-127-AllOpt-IBMMapped-Extra.csv","P:0.45/0/0.15/0",7315,7315,1497,5818,0,1.0000,0.204647983595,0.795352016405,17087081.674594235,34520.88893916608,17121602.5635334,17121602.5635334,88912852.1900,0.000082271571,55233.42230266575,8377,0,1,0.0,1
"stress","MQT-Set04-7-127-AllOpt-IBMMapped-Extra.csv","P:0/0.40/0.15/0",7315,7315,1497,5818,0,1.0000,0.204647983595,0.795352016405,31929592.36966832,11670.453112781894,31941262.822781105,31941262.822781105,80301615.4200,0.000091094058,18672.724980451163,8487,0,1,0.0,1
"stress","MQT-Set04-7-127-AllOpt-IBMMapped-Extra.csv","P:0/1/0/0",7315,7315,1497,5818,0,1.0000,0.204647983595,0.795352016405,31929592.36966832,11670.453112781894,31941262.822781105,31941262.822781105,80301615.4200,0.000091094058,18672.724980451163,7895,0,1,0.0,1
"stress","MQT-Set04-7-127-AllOpt-IBMMapped-Extra.csv","P:0/0/1/0",7315,7315,1497,5818,0,1.0000,0.204647983595,0.795352016405,32310842.65327713,11809.01053725221,32322651.663814384,32322651.663814384,80301615.4200,0.000091094058,18894.416859603545,8074,0,1,0.0,1
"stress","MQT-Set04-7-127-AllOpt-IBMMapped-Extra.csv","MCT",7315,7315,1497,5818,0,1.0000,0.204647983595,0.795352016405,10808940.258272143,23236.585198906327,10832176.843471047,10832176.843471047,27645740.209999997,0.000264597726,37178.536318250255,9600,0,1,0.0,1
