scenario,dataset,algorithm,total_submitted,total_completed,edge_completed,cloud_completed,total_incomplete,completion_ratio,edge_execution_ratio,cloud_execution_ratio,avg_waiting_time,avg_execution_time,avg_turnaround_time,avg_wall_clock_time,makespan,throughput,avg_cost,runner_wall_clock_ms,run_file
no_stress,MQT-Set01-298-10-27-IBMQ27-Opt3-Extra.csv,Lottery,298,298,298,0,0,1.0,1.0,0.0,36310.251,762.3167,37072.5677,37072.5677,87230.93,0.0034,1219.7067,152,iQuantumSummary-no_stress-15-04-2026_15-09-10.csv
no_stress,MQT-Set01-298-10-27-IBMQ27-Opt3-Extra.csv,FCFS,298,298,298,0,0,1.0,1.0,0.0,97840.6372,661.9993,98502.6365,98502.6365,197275.79,0.0015,1059.1989,97,iQuantumSummary-no_stress-15-04-2026_15-09-10.csv
no_stress,MQT-Set01-298-10-27-IBMQ27-Opt3-Extra.csv,LoadAware,298,298,298,0,0,1.0,1.0,0.0,20831.0051,715.0615,21546.0666,21546.0666,63265.35,0.0047,1144.0984,89,iQuantumSummary-no_stress-15-04-2026_15-09-10.csv
no_stress,MQT-Set01-298-10-27-IBMQ27-Opt3-Extra.csv,QCLAR,298,298,298,0,0,1.0,1.0,0.0,20670.8449,708.6482,21379.493,21379.493,56938.84,0.0052,1133.837,66,iQuantumSummary-no_stress-15-04-2026_15-09-10.csv
no_stress,MQT-Set01-298-10-27-IBMQ27-Opt3-Extra.csv,QCLAAR,298,298,298,0,0,1.0,1.0,0.0,20670.8449,708.6482,21379.493,21379.493,56938.84,0.0052,1133.837,59,iQuantumSummary-no_stress-15-04-2026_15-09-10.csv
no_stress,MQT-Set02-10-27-Mapped-AllAlgorithmLeft-Extra.csv,Lottery,1133,1133,1133,0,0,1.0,1.0,0.0,306636.5698,1713.8689,308350.4387,308350.4387,653199.35,0.0017,2742.1903,127,iQuantumSummary-no_stress-15-04-2026_15-09-10.csv
no_stress,MQT-Set02-10-27-Mapped-AllAlgorithmLeft-Extra.csv,FCFS,1133,1133,1133,0,0,1.0,1.0,0.0,833153.2232,1521.4151,834674.6383,834674.6383,1723763.32,0.0007,2434.2642,108,iQuantumSummary-no_stress-15-04-2026_15-09-10.csv
no_stress,MQT-Set02-10-27-Mapped-AllAlgorithmLeft-Extra.csv,LoadAware,1133,1133,1133,0,0,1.0,1.0,0.0,179590.106,1621.4964,181211.6024,181211.6024,451395.96,0.0025,2594.3943,135,iQuantumSummary-no_stress-15-04-2026_15-09-10.csv
no_stress,MQT-Set02-10-27-Mapped-AllAlgorithmLeft-Extra.csv,QCLAR,1133,1133,1133,0,0,1.0,1.0,0.0,179791.2822,1626.5665,181417.8486,181417.8486,469156.98,0.0024,2602.5063,112,iQuantumSummary-no_stress-15-04-2026_15-09-10.csv
no_stress,MQT-Set02-10-27-Mapped-AllAlgorithmLeft-Extra.csv,QCLAAR,1133,1133,1133,0,0,1.0,1.0,0.0,179791.2822,1626.5665,181417.8486,181417.8486,469156.98,0.0024,2602.5063,107,iQuantumSummary-no_stress-15-04-2026_15-09-10.csv
no_stress,MQT-Set03-7-127-AllOpt-IBMMapped-Only127-Extra.csv,Lottery,5818,5818,0,5818,0,1.0,0.0,1.0,7118235.9637,10931.024,7129166.9877,7129166.9877,16046720.0,0.0004,17489.6384,3919,iQuantumSummary-no_stress-15-04-2026_15-09-10.csv
no_stress,MQT-Set03-7-127-AllOpt-IBMMapped-Only127-Extra.csv,FCFS,5818,5818,0,5818,0,1.0,0.0,1.0,122201757.4023,42106.8231,122243864.2254,122243864.2254,244977497.04,0.0,67370.917,3853,iQuantumSummary-no_stress-15-04-2026_15-09-10.csv
no_stress,MQT-Set03-7-127-AllOpt-IBMMapped-Only127-Extra.csv,LoadAware,5818,5818,0,5818,0,1.0,0.0,1.0,9494714.8954,19803.2613,9514518.1566,9514518.1566,39901714.68,0.0001,31685.218,3752,iQuantumSummary-no_stress-15-04-2026_15-09-10.csv
no_stress,MQT-Set03-7-127-AllOpt-IBMMapped-Only127-Extra.csv,QCLAR,5818,5818,0,5818,0,1.0,0.0,1.0,7109072.0762,11834.2306,7120906.3068,7120906.3068,16918449.74,0.0003,18934.769,6109,iQuantumSummary-no_stress-15-04-2026_15-09-10.csv
no_stress,MQT-Set03-7-127-AllOpt-IBMMapped-Only127-Extra.csv,QCLAAR,5818,5818,0,5818,0,1.0,0.0,1.0,7017250.0841,11783.5243,7029033.6084,7029033.6084,15757402.24,0.0004,18853.6389,6977,iQuantumSummary-no_stress-15-04-2026_15-09-10.csv
no_stress,MQT-Set04-7-127-AllOpt-IBMMapped-Extra.csv,Lottery,7315,7315,1497,5818,0,1.0,0.2046,0.7954,5813457.1593,9029.7532,5822486.9125,5822486.9125,17472882.19,0.0004,14447.6051,7937,iQuantumSummary-no_stress-15-04-2026_15-09-10.csv
no_stress,MQT-Set04-7-127-AllOpt-IBMMapped-Extra.csv,FCFS,7315,7315,1497,5818,0,1.0,0.2046,0.7954,97550567.9725,33886.1667,97584454.1392,97584454.1392,244977497.05,0.0,54217.8667,8310,iQuantumSummary-no_stress-15-04-2026_15-09-10.csv
no_stress,MQT-Set04-7-127-AllOpt-IBMMapped-Extra.csv,LoadAware,7315,7315,1497,5818,0,1.0,0.2046,0.7954,7627413.6783,16174.1459,7643587.8241,7643587.8241,39901714.69,0.0002,25878.6334,6915,iQuantumSummary-no_stress-15-04-2026_15-09-10.csv
no_stress,MQT-Set04-7-127-AllOpt-IBMMapped-Extra.csv,QCLAR,7315,7315,1497,5818,0,1.0,0.2046,0.7954,5729227.8587,9831.3867,5739059.2454,5739059.2454,16918449.75,0.0004,15730.2187,6701,iQuantumSummary-no_stress-15-04-2026_15-09-10.csv
no_stress,MQT-Set04-7-127-AllOpt-IBMMapped-Extra.csv,QCLAAR,7315,7315,1497,5818,0,1.0,0.2046,0.7954,5656197.0521,9791.0573,5665988.1094,5665988.1094,15757402.25,0.0005,15665.6917,6476,iQuantumSummary-no_stress-15-04-2026_15-09-10.csv
no_stress,MQT-Set01-298-10-27-IBMQ27-Opt3-Extra.csv,Lottery,298,298,298,0,0,1.0,1.0,0.0,38130.2842,768.3831,38898.6673,38898.6673,92657.09,0.0032,1229.413,160,iQuantumSummary-no_stress-15-04-2026_16-10-14.csv
no_stress,MQT-Set01-298-10-27-IBMQ27-Opt3-Extra.csv,FCFS,298,298,298,0,0,1.0,1.0,0.0,97840.6372,661.9993,98502.6365,98502.6365,197275.79,0.0015,1059.1989,90,iQuantumSummary-no_stress-15-04-2026_16-10-14.csv
no_stress,MQT-Set01-298-10-27-IBMQ27-Opt3-Extra.csv,LoadAware,298,298,298,0,0,1.0,1.0,0.0,20831.0051,715.0615,21546.0666,21546.0666,63265.35,0.0047,1144.0984,95,iQuantumSummary-no_stress-15-04-2026_16-10-14.csv
no_stress,MQT-Set01-298-10-27-IBMQ27-Opt3-Extra.csv,QCLAR,298,298,298,0,0,1.0,1.0,0.0,20670.8449,708.6482,21379.493,21379.493,56938.84,0.0052,1133.837,80,iQuantumSummary-no_stress-15-04-2026_16-10-14.csv
no_stress,MQT-Set01-298-10-27-IBMQ27-Opt3-Extra.csv,QCLAAR,298,298,298,0,0,1.0,1.0,0.0,20670.8449,708.6482,21379.493,21379.493,56938.84,0.0052,1133.837,61,iQuantumSummary-no_stress-15-04-2026_16-10-14.csv
no_stress,MQT-Set02-10-27-Mapped-AllAlgorithmLeft-Extra.csv,Lottery,1133,1133,1133,0,0,1.0,1.0,0.0,325708.2527,1764.7371,327472.9898,327472.9898,812435.38,0.0014,2823.5794,211,iQuantumSummary-no_stress-15-04-2026_16-10-14.csv
no_stress,MQT-Set02-10-27-Mapped-AllAlgorithmLeft-Extra.csv,FCFS,1133,1133,1133,0,0,1.0,1.0,0.0,833153.2232,1521.4151,834674.6383,834674.6383,1723763.32,0.0007,2434.2642,146,iQuantumSummary-no_stress-15-04-2026_16-10-14.csv
no_stress,MQT-Set02-10-27-Mapped-AllAlgorithmLeft-Extra.csv,LoadAware,1133,1133,1133,0,0,1.0,1.0,0.0,179590.106,1621.4964,181211.6024,181211.6024,451395.96,0.0025,2594.3943,123,iQuantumSummary-no_stress-15-04-2026_16-10-14.csv
no_stress,MQT-Set02-10-27-Mapped-AllAlgorithmLeft-Extra.csv,QCLAR,1133,1133,1133,0,0,1.0,1.0,0.0,179791.2822,1626.5665,181417.8486,181417.8486,469156.98,0.0024,2602.5063,123,iQuantumSummary-no_stress-15-04-2026_16-10-14.csv
no_stress,MQT-Set02-10-27-Mapped-AllAlgorithmLeft-Extra.csv,QCLAAR,1133,1133,1133,0,0,1.0,1.0,0.0,179791.2822,1626.5665,181417.8486,181417.8486,469156.98,0.0024,2602.5063,93,iQuantumSummary-no_stress-15-04-2026_16-10-14.csv
no_stress,MQT-Set03-7-127-AllOpt-IBMMapped-Only127-Extra.csv,Lottery,5818,5818,0,5818,0,1.0,0.0,1.0,7171173.526,10751.8846,7181925.4105,7181925.4105,15877177.63,0.0004,17203.0153,7026,iQuantumSummary-no_stress-15-04-2026_16-10-14.csv
no_stress,MQT-Set03-7-127-AllOpt-IBMMapped-Only127-Extra.csv,FCFS,5818,5818,0,5818,0,1.0,0.0,1.0,122201757.4023,42106.8231,122243864.2254,122243864.2254,244977497.04,0.0,67370.917,7366,iQuantumSummary-no_stress-15-04-2026_16-10-14.csv
no_stress,MQT-Set03-7-127-AllOpt-IBMMapped-Only127-Extra.csv,LoadAware,5818,5818,0,5818,0,1.0,0.0,1.0,9494714.8954,19803.2613,9514518.1566,9514518.1566,39901714.68,0.0001,31685.218,7135,iQuantumSummary-no_stress-15-04-2026_16-10-14.csv
no_stress,MQT-Set03-7-127-AllOpt-IBMMapped-Only127-Extra.csv,QCLAR,5818,5818,0,5818,0,1.0,0.0,1.0,7109072.0762,11834.2306,7120906.3068,7120906.3068,16918449.74,0.0003,18934.769,4270,iQuantumSummary-no_stress-15-04-2026_16-10-14.csv
no_stress,MQT-Set03-7-127-AllOpt-IBMMapped-Only127-Extra.csv,QCLAAR,5818,5818,0,5818,0,1.0,0.0,1.0,7017250.0841,11783.5243,7029033.6084,7029033.6084,15757402.24,0.0004,18853.6389,3890,iQuantumSummary-no_stress-15-04-2026_16-10-14.csv
no_stress,MQT-Set04-7-127-AllOpt-IBMMapped-Extra.csv,Lottery,7315,7315,1497,5818,0,1.0,0.2046,0.7954,5849412.3991,8830.9091,5858243.3082,5858243.3082,17301376.81,0.0004,14129.4545,3913,iQuantumSummary-no_stress-15-04-2026_16-10-14.csv
no_stress,MQT-Set04-7-127-AllOpt-IBMMapped-Extra.csv,FCFS,7315,7315,1497,5818,0,1.0,0.2046,0.7954,97550567.9725,33886.1667,97584454.1392,97584454.1392,244977497.05,0.0,54217.8667,4007,iQuantumSummary-no_stress-15-04-2026_16-10-14.csv
no_stress,MQT-Set04-7-127-AllOpt-IBMMapped-Extra.csv,LoadAware,7315,7315,1497,5818,0,1.0,0.2046,0.7954,7627413.6783,16174.1459,7643587.8241,7643587.8241,39901714.69,0.0002,25878.6334,4193,iQuantumSummary-no_stress-15-04-2026_16-10-14.csv
no_stress,MQT-Set04-7-127-AllOpt-IBMMapped-Extra.csv,QCLAR,7315,7315,1497,5818,0,1.0,0.2046,0.7954,5729227.8587,9831.3867,5739059.2454,5739059.2454,16918449.75,0.0004,15730.2187,3867,iQuantumSummary-no_stress-15-04-2026_16-10-14.csv
no_stress,MQT-Set04-7-127-AllOpt-IBMMapped-Extra.csv,QCLAAR,7315,7315,1497,5818,0,1.0,0.2046,0.7954,5656197.0521,9791.0573,5665988.1094,5665988.1094,15757402.25,0.0005,15665.6917,4083,iQuantumSummary-no_stress-15-04-2026_16-10-14.csv
no_stress,MQT-Set01-298-10-27-IBMQ27-Opt3-Extra.csv,Lottery,298,298,298,0,0,1.0,1.0,0.0,35733.1737,755.4269,36488.6006,36488.6006,90114.57,0.0033,1208.6831,159,iQuantumSummary-no_stress-15-04-2026_16-11-35.csv
no_stress,MQT-Set01-298-10-27-IBMQ27-Opt3-Extra.csv,FCFS,298,298,298,0,0,1.0,1.0,0.0,97840.6372,661.9993,98502.6365,98502.6365,197275.79,0.0015,1059.1989,62,iQuantumSummary-no_stress-15-04-2026_16-11-35.csv
no_stress,MQT-Set01-298-10-27-IBMQ27-Opt3-Extra.csv,LoadAware,298,298,298,0,0,1.0,1.0,0.0,20831.0051,715.0615,21546.0666,21546.0666,63265.35,0.0047,1144.0984,48,iQuantumSummary-no_stress-15-04-2026_16-11-35.csv
no_stress,MQT-Set01-298-10-27-IBMQ27-Opt3-Extra.csv,QCLAR,298,298,298,0,0,1.0,1.0,0.0,20670.8449,708.6482,21379.493,21379.493,56938.84,0.0052,1133.837,46,iQuantumSummary-no_stress-15-04-2026_16-11-35.csv
no_stress,MQT-Set01-298-10-27-IBMQ27-Opt3-Extra.csv,QCLAAR,298,298,298,0,0,1.0,1.0,0.0,20670.8449,708.6482,21379.493,21379.493,56938.84,0.0052,1133.837,44,iQuantumSummary-no_stress-15-04-2026_16-11-35.csv
no_stress,MQT-Set02-10-27-Mapped-AllAlgorithmLeft-Extra.csv,Lottery,1133,1133,1133,0,0,1.0,1.0,0.0,346058.9012,1782.8474,347841.7486,347841.7486,1065500.65,0.0011,2852.5559,129,iQuantumSummary-no_stress-15-04-2026_16-11-35.csv
no_stress,MQT-Set02-10-27-Mapped-AllAlgorithmLeft-Extra.csv,FCFS,1133,1133,1133,0,0,1.0,1.0,0.0,833153.2232,1521.4151,834674.6383,834674.6383,1723763.32,0.0007,2434.2642,101,iQuantumSummary-no_stress-15-04-2026_16-11-35.csv
no_stress,MQT-Set02-10-27-Mapped-AllAlgorithmLeft-Extra.csv,LoadAware,1133,1133,1133,0,0,1.0,1.0,0.0,179590.106,1621.4964,181211.6024,181211.6024,451395.96,0.0025,2594.3943,132,iQuantumSummary-no_stress-15-04-2026_16-11-35.csv
no_stress,MQT-Set02-10-27-Mapped-AllAlgorithmLeft-Extra.csv,QCLAR,1133,1133,1133,0,0,1.0,1.0,0.0,179791.2822,1626.5665,181417.8486,181417.8486,469156.98,0.0024,2602.5063,109,iQuantumSummary-no_stress-15-04-2026_16-11-35.csv
no_stress,MQT-Set02-10-27-Mapped-AllAlgorithmLeft-Extra.csv,QCLAAR,1133,1133,1133,0,0,1.0,1.0,0.0,179791.2822,1626.5665,181417.8486,181417.8486,469156.98,0.0024,2602.5063,93,iQuantumSummary-no_stress-15-04-2026_16-11-35.csv
no_stress,MQT-Set03-7-127-AllOpt-IBMMapped-Only127-Extra.csv,Lottery,5818,5818,0,5818,0,1.0,0.0,1.0,7108037.1519,10982.927,7119020.0789,7119020.0789,16175926.04,0.0004,17572.6832,4179,iQuantumSummary-no_stress-15-04-2026_16-11-35.csv
no_stress,MQT-Set03-7-127-AllOpt-IBMMapped-Only127-Extra.csv,FCFS,5818,5818,0,5818,0,1.0,0.0,1.0,122201757.4023,42106.8231,122243864.2254,122243864.2254,244977497.04,0.0,67370.917,4143,iQuantumSummary-no_stress-15-04-2026_16-11-35.csv
no_stress,MQT-Set03-7-127-AllOpt-IBMMapped-Only127-Extra.csv,LoadAware,5818,5818,0,5818,0,1.0,0.0,1.0,9494714.8954,19803.2613,9514518.1566,9514518.1566,39901714.68,0.0001,31685.218,4035,iQuantumSummary-no_stress-15-04-2026_16-11-35.csv
no_stress,MQT-Set03-7-127-AllOpt-IBMMapped-Only127-Extra.csv,QCLAR,5818,5818,0,5818,0,1.0,0.0,1.0,7109072.0762,11834.2306,7120906.3068,7120906.3068,16918449.74,0.0003,18934.769,4198,iQuantumSummary-no_stress-15-04-2026_16-11-35.csv
no_stress,MQT-Set03-7-127-AllOpt-IBMMapped-Only127-Extra.csv,QCLAAR,5818,5818,0,5818,0,1.0,0.0,1.0,7017250.0841,11783.5243,7029033.6084,7029033.6084,15757402.24,0.0004,18853.6389,4041,iQuantumSummary-no_stress-15-04-2026_16-11-35.csv
no_stress,MQT-Set04-7-127-AllOpt-IBMMapped-Extra.csv,Lottery,7315,7315,1497,5818,0,1.0,0.2046,0.7954,5789648.9985,9169.3982,5798818.3967,5798818.3967,16525122.81,0.0004,14671.0372,4152,iQuantumSummary-no_stress-15-04-2026_16-11-35.csv
no_stress,MQT-Set04-7-127-AllOpt-IBMMapped-Extra.csv,FCFS,7315,7315,1497,5818,0,1.0,0.2046,0.7954,97550567.9725,33886.1667,97584454.1392,97584454.1392,244977497.05,0.0,54217.8667,4192,iQuantumSummary-no_stress-15-04-2026_16-11-35.csv
no_stress,MQT-Set04-7-127-AllOpt-IBMMapped-Extra.csv,LoadAware,7315,7315,1497,5818,0,1.0,0.2046,0.7954,7627413.6783,16174.1459,7643587.8241,7643587.8241,39901714.69,0.0002,25878.6334,4105,iQuantumSummary-no_stress-15-04-2026_16-11-35.csv
no_stress,MQT-Set04-7-127-AllOpt-IBMMapped-Extra.csv,QCLAR,7315,7315,1497,5818,0,1.0,0.2046,0.7954,5729227.8587,9831.3867,5739059.2454,5739059.2454,16918449.75,0.0004,15730.2187,4181,iQuantumSummary-no_stress-15-04-2026_16-11-35.csv
no_stress,MQT-Set04-7-127-AllOpt-IBMMapped-Extra.csv,QCLAAR,7315,7315,1497,5818,0,1.0,0.2046,0.7954,5656197.0521,9791.0573,5665988.1094,5665988.1094,15757402.25,0.0005,15665.6917,4394,iQuantumSummary-no_stress-15-04-2026_16-11-35.csv
no_stress,MQT-Set01-298-10-27-IBMQ27-Opt3-Extra.csv,Lottery,298,298,298,0,0,1.0,1.0,0.0,38609.3279,775.0777,39384.4056,39384.4056,108378.19,0.0027,1240.1243,163,iQuantumSummary-no_stress-15-04-2026_16-12-30.csv
no_stress,MQT-Set01-298-10-27-IBMQ27-Opt3-Extra.csv,FCFS,298,298,298,0,0,1.0,1.0,0.0,97840.6372,661.9993,98502.6365,98502.6365,197275.79,0.0015,1059.1989,70,iQuantumSummary-no_stress-15-04-2026_16-12-30.csv
no_stress,MQT-Set01-298-10-27-IBMQ27-Opt3-Extra.csv,LoadAware,298,298,298,0,0,1.0,1.0,0.0,20831.0051,715.0615,21546.0666,21546.0666,63265.35,0.0047,1144.0984,55,iQuantumSummary-no_stress-15-04-2026_16-12-30.csv
no_stress,MQT-Set01-298-10-27-IBMQ27-Opt3-Extra.csv,QCLAR,298,298,298,0,0,1.0,1.0,0.0,20670.8449,708.6482,21379.493,21379.493,56938.84,0.0052,1133.837,52,iQuantumSummary-no_stress-15-04-2026_16-12-30.csv
no_stress,MQT-Set01-298-10-27-IBMQ27-Opt3-Extra.csv,QCLAAR,298,298,298,0,0,1.0,1.0,0.0,20670.8449,708.6482,21379.493,21379.493,56938.84,0.0052,1133.837,40,iQuantumSummary-no_stress-15-04-2026_16-12-30.csv
no_stress,MQT-Set02-10-27-Mapped-AllAlgorithmLeft-Extra.csv,Lottery,1133,1133,1133,0,0,1.0,1.0,0.0,305810.05,1697.091,307507.141,307507.141,887977.18,0.0013,2715.3456,128,iQuantumSummary-no_stress-15-04-2026_16-12-30.csv
no_stress,MQT-Set02-10-27-Mapped-AllAlgorithmLeft-Extra.csv,FCFS,1133,1133,1133,0,0,1.0,1.0,0.0,833153.2232,1521.4151,834674.6383,834674.6383,1723763.32,0.0007,2434.2642,108,iQuantumSummary-no_stress-15-04-2026_16-12-30.csv
no_stress,MQT-Set02-10-27-Mapped-AllAlgorithmLeft-Extra.csv,LoadAware,1133,1133,1133,0,0,1.0,1.0,0.0,179590.106,1621.4964,181211.6024,181211.6024,451395.96,0.0025,2594.3943,103,iQuantumSummary-no_stress-15-04-2026_16-12-30.csv
no_stress,MQT-Set02-10-27-Mapped-AllAlgorithmLeft-Extra.csv,QCLAR,1133,1133,1133,0,0,1.0,1.0,0.0,179791.2822,1626.5665,181417.8486,181417.8486,469156.98,0.0024,2602.5063,118,iQuantumSummary-no_stress-15-04-2026_16-12-30.csv
no_stress,MQT-Set02-10-27-Mapped-AllAlgorithmLeft-Extra.csv,QCLAAR,1133,1133,1133,0,0,1.0,1.0,0.0,179791.2822,1626.5665,181417.8486,181417.8486,469156.98,0.0024,2602.5063,94,iQuantumSummary-no_stress-15-04-2026_16-12-30.csv
no_stress,MQT-Set03-7-127-AllOpt-IBMMapped-Only127-Extra.csv,Lottery,5818,5818,0,5818,0,1.0,0.0,1.0,7137180.1409,10701.8793,7147882.0201,7147882.0201,17043800.57,0.0003,17123.0068,4067,iQuantumSummary-no_stress-15-04-2026_16-12-30.csv
no_stress,MQT-Set03-7-127-AllOpt-IBMMapped-Only127-Extra.csv,FCFS,5818,5818,0,5818,0,1.0,0.0,1.0,122201757.4023,42106.8231,122243864.2254,122243864.2254,244977497.04,0.0,67370.917,3998,iQuantumSummary-no_stress-15-04-2026_16-12-30.csv
no_stress,MQT-Set03-7-127-AllOpt-IBMMapped-Only127-Extra.csv,LoadAware,5818,5818,0,5818,0,1.0,0.0,1.0,9494714.8954,19803.2613,9514518.1566,9514518.1566,39901714.68,0.0001,31685.218,3994,iQuantumSummary-no_stress-15-04-2026_16-12-30.csv
no_stress,MQT-Set03-7-127-AllOpt-IBMMapped-Only127-Extra.csv,QCLAR,5818,5818,0,5818,0,1.0,0.0,1.0,7109072.0762,11834.2306,7120906.3068,7120906.3068,16918449.74,0.0003,18934.769,3979,iQuantumSummary-no_stress-15-04-2026_16-12-30.csv
no_stress,MQT-Set03-7-127-AllOpt-IBMMapped-Only127-Extra.csv,QCLAAR,5818,5818,0,5818,0,1.0,0.0,1.0,7017250.0841,11783.5243,7029033.6084,7029033.6084,15757402.24,0.0004,18853.6389,3949,iQuantumSummary-no_stress-15-04-2026_16-12-30.csv
no_stress,MQT-Set04-7-127-AllOpt-IBMMapped-Extra.csv,Lottery,7315,7315,1497,5818,0,1.0,0.2046,0.7954,5796298.3585,9117.2625,5805415.621,5805415.621,16032714.14,0.0005,14587.62,4107,iQuantumSummary-no_stress-15-04-2026_16-12-30.csv
no_stress,MQT-Set04-7-127-AllOpt-IBMMapped-Extra.csv,FCFS,7315,7315,1497,5818,0,1.0,0.2046,0.7954,97550567.9725,33886.1667,97584454.1392,97584454.1392,244977497.05,0.0,54217.8667,4164,iQuantumSummary-no_stress-15-04-2026_16-12-30.csv
no_stress,MQT-Set04-7-127-AllOpt-IBMMapped-Extra.csv,LoadAware,7315,7315,1497,5818,0,1.0,0.2046,0.7954,7627413.6783,16174.1459,7643587.8241,7643587.8241,39901714.69,0.0002,25878.6334,4044,iQuantumSummary-no_stress-15-04-2026_16-12-30.csv
no_stress,MQT-Set04-7-127-AllOpt-IBMMapped-Extra.csv,QCLAR,7315,7315,1497,5818,0,1.0,0.2046,0.7954,5729227.8587,9831.3867,5739059.2454,5739059.2454,16918449.75,0.0004,15730.2187,4051,iQuantumSummary-no_stress-15-04-2026_16-12-30.csv
no_stress,MQT-Set04-7-127-AllOpt-IBMMapped-Extra.csv,QCLAAR,7315,7315,1497,5818,0,1.0,0.2046,0.7954,5656197.0521,9791.0573,5665988.1094,5665988.1094,15757402.25,0.0005,15665.6917,4081,iQuantumSummary-no_stress-15-04-2026_16-12-30.csv
no_stress,MQT-Set01-298-10-27-IBMQ27-Opt3-Extra.csv,Lottery,298,298,298,0,0,1.0,1.0,0.0,34714.0264,753.6197,35467.646,35467.646,81619.04,0.0037,1205.7915,153,iQuantumSummary-no_stress-15-04-2026_16-13-46.csv
no_stress,MQT-Set01-298-10-27-IBMQ27-Opt3-Extra.csv,FCFS,298,298,298,0,0,1.0,1.0,0.0,97840.6372,661.9993,98502.6365,98502.6365,197275.79,0.0015,1059.1989,83,iQuantumSummary-no_stress-15-04-2026_16-13-46.csv
no_stress,MQT-Set01-298-10-27-IBMQ27-Opt3-Extra.csv,LoadAware,298,298,298,0,0,1.0,1.0,0.0,20831.0051,715.0615,21546.0666,21546.0666,63265.35,0.0047,1144.0984,84,iQuantumSummary-no_stress-15-04-2026_16-13-46.csv
no_stress,MQT-Set01-298-10-27-IBMQ27-Opt3-Extra.csv,QCLAR,298,298,298,0,0,1.0,1.0,0.0,20670.8449,708.6482,21379.493,21379.493,56938.84,0.0052,1133.837,78,iQuantumSummary-no_stress-15-04-2026_16-13-46.csv
no_stress,MQT-Set01-298-10-27-IBMQ27-Opt3-Extra.csv,QCLAAR,298,298,298,0,0,1.0,1.0,0.0,20670.8449,708.6482,21379.493,21379.493,56938.84,0.0052,1133.837,63,iQuantumSummary-no_stress-15-04-2026_16-13-46.csv
no_stress,MQT-Set02-10-27-Mapped-AllAlgorithmLeft-Extra.csv,Lottery,1133,1133,1133,0,0,1.0,1.0,0.0,325167.4277,1799.3494,326966.7771,326966.7771,1015849.11,0.0011,2878.959,175,iQuantumSummary-no_stress-15-04-2026_16-13-46.csv
no_stress,MQT-Set02-10-27-Mapped-AllAlgorithmLeft-Extra.csv,FCFS,1133,1133,1133,0,0,1.0,1.0,0.0,833153.2232,1521.4151,834674.6383,834674.6383,1723763.32,0.0007,2434.2642,98,iQuantumSummary-no_stress-15-04-2026_16-13-46.csv
no_stress,MQT-Set02-10-27-Mapped-AllAlgorithmLeft-Extra.csv,LoadAware,1133,1133,1133,0,0,1.0,1.0,0.0,179590.106,1621.4964,181211.6024,181211.6024,451395.96,0.0025,2594.3943,95,iQuantumSummary-no_stress-15-04-2026_16-13-46.csv
no_stress,MQT-Set02-10-27-Mapped-AllAlgorithmLeft-Extra.csv,QCLAR,1133,1133,1133,0,0,1.0,1.0,0.0,179791.2822,1626.5665,181417.8486,181417.8486,469156.98,0.0024,2602.5063,106,iQuantumSummary-no_stress-15-04-2026_16-13-46.csv
no_stress,MQT-Set02-10-27-Mapped-AllAlgorithmLeft-Extra.csv,QCLAAR,1133,1133,1133,0,0,1.0,1.0,0.0,179791.2822,1626.5665,181417.8486,181417.8486,469156.98,0.0024,2602.5063,100,iQuantumSummary-no_stress-15-04-2026_16-13-46.csv
no_stress,MQT-Set03-7-127-AllOpt-IBMMapped-Only127-Extra.csv,Lottery,5818,5818,0,5818,0,1.0,0.0,1.0,7129014.1662,10877.8987,7139892.0648,7139892.0648,16160630.16,0.0004,17404.6379,6277,iQuantumSummary-no_stress-15-04-2026_16-13-46.csv
no_stress,MQT-Set03-7-127-AllOpt-IBMMapped-Only127-Extra.csv,FCFS,5818,5818,0,5818,0,1.0,0.0,1.0,122201757.4023,42106.8231,122243864.2254,122243864.2254,244977497.04,0.0,67370.917,6475,iQuantumSummary-no_stress-15-04-2026_16-13-46.csv
no_stress,MQT-Set03-7-127-AllOpt-IBMMapped-Only127-Extra.csv,LoadAware,5818,5818,0,5818,0,1.0,0.0,1.0,9494714.8954,19803.2613,9514518.1566,9514518.1566,39901714.68,0.0001,31685.218,5580,iQuantumSummary-no_stress-15-04-2026_16-13-46.csv
no_stress,MQT-Set03-7-127-AllOpt-IBMMapped-Only127-Extra.csv,QCLAR,5818,5818,0,5818,0,1.0,0.0,1.0,7109072.0762,11834.2306,7120906.3068,7120906.3068,16918449.74,0.0003,18934.769,6272,iQuantumSummary-no_stress-15-04-2026_16-13-46.csv
no_stress,MQT-Set03-7-127-AllOpt-IBMMapped-Only127-Extra.csv,QCLAAR,5818,5818,0,5818,0,1.0,0.0,1.0,7017250.0841,11783.5243,7029033.6084,7029033.6084,15757402.24,0.0004,18853.6389,6048,iQuantumSummary-no_stress-15-04-2026_16-13-46.csv
no_stress,MQT-Set04-7-127-AllOpt-IBMMapped-Extra.csv,Lottery,7315,7315,1497,5818,0,1.0,0.2046,0.7954,5876355.3568,8807.5672,5885162.924,5885162.924,16371165.54,0.0004,14092.1075,6398,iQuantumSummary-no_stress-15-04-2026_16-13-46.csv
no_stress,MQT-Set04-7-127-AllOpt-IBMMapped-Extra.csv,FCFS,7315,7315,1497,5818,0,1.0,0.2046,0.7954,97550567.9725,33886.1667,97584454.1392,97584454.1392,244977497.05,0.0,54217.8667,6151,iQuantumSummary-no_stress-15-04-2026_16-13-46.csv
no_stress,MQT-Set04-7-127-AllOpt-IBMMapped-Extra.csv,LoadAware,7315,7315,1497,5818,0,1.0,0.2046,0.7954,7627413.6783,16174.1459,7643587.8241,7643587.8241,39901714.69,0.0002,25878.6334,6265,iQuantumSummary-no_stress-15-04-2026_16-13-46.csv
no_stress,MQT-Set04-7-127-AllOpt-IBMMapped-Extra.csv,QCLAR,7315,7315,1497,5818,0,1.0,0.2046,0.7954,5729227.8587,9831.3867,5739059.2454,5739059.2454,16918449.75,0.0004,15730.2187,6219,iQuantumSummary-no_stress-15-04-2026_16-13-46.csv
no_stress,MQT-Set04-7-127-AllOpt-IBMMapped-Extra.csv,QCLAAR,7315,7315,1497,5818,0,1.0,0.2046,0.7954,5656197.0521,9791.0573,5665988.1094,5665988.1094,15757402.25,0.0005,15665.6917,6036,iQuantumSummary-no_stress-15-04-2026_16-13-46.csv
stress,MQT-Set01-298-10-27-IBMQ27-Opt3-Extra.csv,Lottery,298,298,298,0,0,1.0,1.0,0.0,84022.2344,1679.6326,85701.867,85701.867,210520.92,0.0014,2687.4121,176,iQuantumSummary-stress-15-04-2026_15-12-12.csv
stress,MQT-Set01-298-10-27-IBMQ27-Opt3-Extra.csv,FCFS,298,298,298,0,0,1.0,1.0,0.0,246699.6756,1519.0365,248218.712,248218.712,452672.87,0.0007,2430.4584,94,iQuantumSummary-stress-15-04-2026_15-12-12.csv
stress,MQT-Set01-298-10-27-IBMQ27-Opt3-Extra.csv,LoadAware,298,298,298,0,0,1.0,1.0,0.0,57793.0979,1801.4494,59594.5473,59594.5473,290883.46,0.001,2882.319,72,iQuantumSummary-stress-15-04-2026_15-12-12.csv
stress,MQT-Set01-298-10-27-IBMQ27-Opt3-Extra.csv,QCLAR,298,298,298,0,0,1.0,1.0,0.0,56461.1283,1769.2657,58230.394,58230.394,261795.1,0.0011,2830.8251,76,iQuantumSummary-stress-15-04-2026_15-12-12.csv
stress,MQT-Set01-298-10-27-IBMQ27-Opt3-Extra.csv,QCLAAR,298,298,298,0,0,1.0,1.0,0.0,56461.1283,1769.2657,58230.394,58230.394,261795.1,0.0011,2830.8251,67,iQuantumSummary-stress-15-04-2026_15-12-12.csv
stress,MQT-Set02-10-27-Mapped-AllAlgorithmLeft-Extra.csv,Lottery,1133,1133,1133,0,0,1.0,1.0,0.0,938867.2493,4371.5631,943238.8124,943238.8124,2010636.08,0.0006,6994.501,230,iQuantumSummary-stress-15-04-2026_15-12-12.csv
stress,MQT-Set02-10-27-Mapped-AllAlgorithmLeft-Extra.csv,FCFS,1133,1133,1133,0,0,1.0,1.0,0.0,2675334.1733,3938.2962,2679272.4695,2679272.4695,4462089.59,0.0003,6301.2739,171,iQuantumSummary-stress-15-04-2026_15-12-12.csv
stress,MQT-Set02-10-27-Mapped-AllAlgorithmLeft-Extra.csv,LoadAware,1133,1133,1133,0,0,1.0,1.0,0.0,633447.3694,4691.3382,638138.7076,638138.7076,2895691.93,0.0004,7506.1411,92,iQuantumSummary-stress-15-04-2026_15-12-12.csv
stress,MQT-Set02-10-27-Mapped-AllAlgorithmLeft-Extra.csv,QCLAR,1133,1133,1133,0,0,1.0,1.0,0.0,629124.8844,4613.3941,633738.2785,633738.2785,2606122.97,0.0004,7381.4305,96,iQuantumSummary-stress-15-04-2026_15-12-12.csv
stress,MQT-Set02-10-27-Mapped-AllAlgorithmLeft-Extra.csv,QCLAAR,1133,1133,1133,0,0,1.0,1.0,0.0,629124.8844,4613.3941,633738.2785,633738.2785,2606122.97,0.0004,7381.4305,94,iQuantumSummary-stress-15-04-2026_15-12-12.csv
stress,MQT-Set03-7-127-AllOpt-IBMMapped-Only127-Extra.csv,Lottery,5818,5818,0,5818,0,1.0,0.0,1.0,15489559.2275,23227.5215,15512786.749,15512786.749,37138856.72,0.0002,37164.0344,3918,iQuantumSummary-stress-15-04-2026_15-12-12.csv
stress,MQT-Set03-7-127-AllOpt-IBMMapped-Only127-Extra.csv,FCFS,5818,5818,0,5818,0,1.0,0.0,1.0,263949774.7187,91023.8494,264040798.5681,264040798.5681,529576755.93,0.0,145638.1591,3713,iQuantumSummary-stress-15-04-2026_15-12-12.csv
stress,MQT-Set03-7-127-AllOpt-IBMMapped-Only127-Extra.csv,LoadAware,5818,5818,0,5818,0,1.0,0.0,1.0,21171859.4369,44152.34,21216011.777,21216011.777,90321312.34,0.0001,70643.7441,3649,iQuantumSummary-stress-15-04-2026_15-12-12.csv
stress,MQT-Set03-7-127-AllOpt-IBMMapped-Only127-Extra.csv,QCLAR,5818,5818,0,5818,0,1.0,0.0,1.0,15320713.3679,26049.7555,15346763.1234,15346763.1234,37419998.51,0.0002,41679.6087,3661,iQuantumSummary-stress-15-04-2026_15-12-12.csv
stress,MQT-Set03-7-127-AllOpt-IBMMapped-Only127-Extra.csv,QCLAAR,5818,5818,0,5818,0,1.0,0.0,1.0,15227659.834,25256.1133,15252915.9474,15252915.9474,38443731.89,0.0002,40409.7813,3652,iQuantumSummary-stress-15-04-2026_15-12-12.csv
stress,MQT-Set04-7-127-AllOpt-IBMMapped-Extra.csv,Lottery,7315,7315,1497,5818,0,1.0,0.2046,0.7954,12084633.2595,18190.0811,12102823.3406,12102823.3406,34560435.15,0.0002,29104.1298,3716,iQuantumSummary-stress-15-04-2026_15-12-12.csv
stress,MQT-Set04-7-127-AllOpt-IBMMapped-Extra.csv,FCFS,7315,7315,1497,5818,0,1.0,0.2046,0.7954,202025354.3378,70580.7531,202095935.0908,202095935.0908,511010123.45,0.0,112929.2049,3844,iQuantumSummary-stress-15-04-2026_15-12-12.csv
stress,MQT-Set04-7-127-AllOpt-IBMMapped-Extra.csv,LoadAware,7315,7315,1497,5818,0,1.0,0.2046,0.7954,15414074.8636,34132.9202,15448207.7838,15448207.7838,89614837.61,0.0001,54612.6723,3742,iQuantumSummary-stress-15-04-2026_15-12-12.csv
stress,MQT-Set04-7-127-AllOpt-IBMMapped-Extra.csv,QCLAR,7315,7315,1497,5818,0,1.0,0.2046,0.7954,11847379.9255,19363.5652,11866743.4907,11866743.4907,31789198.31,0.0002,30981.7043,3795,iQuantumSummary-stress-15-04-2026_15-12-12.csv
stress,MQT-Set04-7-127-AllOpt-IBMMapped-Extra.csv,QCLAAR,7315,7315,1497,5818,0,1.0,0.2046,0.7954,11616648.4019,20005.9685,11636654.3704,11636654.3704,32793659.09,0.0002,32009.5496,3789,iQuantumSummary-stress-15-04-2026_15-12-12.csv
stress,MQT-Set01-298-10-27-IBMQ27-Opt3-Extra.csv,Lottery,298,298,298,0,0,1.0,1.0,0.0,100783.1317,1754.0404,102537.1721,102537.1721,265112.32,0.0011,2806.4646,154,iQuantumSummary-stress-15-04-2026_16-05-09.csv
stress,MQT-Set01-298-10-27-IBMQ27-Opt3-Extra.csv,FCFS,298,298,298,0,0,1.0,1.0,0.0,246699.6756,1519.0365,248218.712,248218.712,452672.87,0.0007,2430.4584,70,iQuantumSummary-stress-15-04-2026_16-05-09.csv
stress,MQT-Set01-298-10-27-IBMQ27-Opt3-Extra.csv,LoadAware,298,298,298,0,0,1.0,1.0,0.0,57793.0979,1801.4494,59594.5473,59594.5473,290883.46,0.001,2882.319,74,iQuantumSummary-stress-15-04-2026_16-05-09.csv
stress,MQT-Set01-298-10-27-IBMQ27-Opt3-Extra.csv,QCLAR,298,298,298,0,0,1.0,1.0,0.0,56461.1283,1769.2657,58230.394,58230.394,261795.1,0.0011,2830.8251,57,iQuantumSummary-stress-15-04-2026_16-05-09.csv
stress,MQT-Set01-298-10-27-IBMQ27-Opt3-Extra.csv,QCLAAR,298,298,298,0,0,1.0,1.0,0.0,56461.1283,1769.2657,58230.394,58230.394,261795.1,0.0011,2830.8251,44,iQuantumSummary-stress-15-04-2026_16-05-09.csv
stress,MQT-Set02-10-27-Mapped-AllAlgorithmLeft-Extra.csv,Lottery,1133,1133,1133,0,0,1.0,1.0,0.0,940855.5366,4440.6561,945296.1927,945296.1927,1694173.3,0.0007,7105.0497,185,iQuantumSummary-stress-15-04-2026_16-05-09.csv
stress,MQT-Set02-10-27-Mapped-AllAlgorithmLeft-Extra.csv,FCFS,1133,1133,1133,0,0,1.0,1.0,0.0,2675334.1733,3938.2962,2679272.4695,2679272.4695,4462089.59,0.0003,6301.2739,134,iQuantumSummary-stress-15-04-2026_16-05-09.csv
stress,MQT-Set02-10-27-Mapped-AllAlgorithmLeft-Extra.csv,LoadAware,1133,1133,1133,0,0,1.0,1.0,0.0,633447.3694,4691.3382,638138.7076,638138.7076,2895691.93,0.0004,7506.1411,132,iQuantumSummary-stress-15-04-2026_16-05-09.csv
stress,MQT-Set02-10-27-Mapped-AllAlgorithmLeft-Extra.csv,QCLAR,1133,1133,1133,0,0,1.0,1.0,0.0,629124.8844,4613.3941,633738.2785,633738.2785,2606122.97,0.0004,7381.4305,135,iQuantumSummary-stress-15-04-2026_16-05-09.csv
stress,MQT-Set02-10-27-Mapped-AllAlgorithmLeft-Extra.csv,QCLAAR,1133,1133,1133,0,0,1.0,1.0,0.0,629124.8844,4613.3941,633738.2785,633738.2785,2606122.97,0.0004,7381.4305,103,iQuantumSummary-stress-15-04-2026_16-05-09.csv
stress,MQT-Set03-7-127-AllOpt-IBMMapped-Only127-Extra.csv,Lottery,5818,5818,0,5818,0,1.0,0.0,1.0,15453648.0739,23819.1829,15477467.2567,15477467.2567,35576455.86,0.0002,38110.6926,7345,iQuantumSummary-stress-15-04-2026_16-05-09.csv
stress,MQT-Set03-7-127-AllOpt-IBMMapped-Only127-Extra.csv,FCFS,5818,5818,0,5818,0,1.0,0.0,1.0,263949774.7187,91023.8494,264040798.5681,264040798.5681,529576755.93,0.0,145638.1591,7368,iQuantumSummary-stress-15-04-2026_16-05-09.csv
stress,MQT-Set03-7-127-AllOpt-IBMMapped-Only127-Extra.csv,LoadAware,5818,5818,0,5818,0,1.0,0.0,1.0,21171859.4369,44152.34,21216011.777,21216011.777,90321312.34,0.0001,70643.7441,7033,iQuantumSummary-stress-15-04-2026_16-05-09.csv
stress,MQT-Set03-7-127-AllOpt-IBMMapped-Only127-Extra.csv,QCLAR,5818,5818,0,5818,0,1.0,0.0,1.0,15320713.3679,26049.7555,15346763.1234,15346763.1234,37419998.51,0.0002,41679.6087,6773,iQuantumSummary-stress-15-04-2026_16-05-09.csv
stress,MQT-Set03-7-127-AllOpt-IBMMapped-Only127-Extra.csv,QCLAAR,5818,5818,0,5818,0,1.0,0.0,1.0,15227659.834,25256.1133,15252915.9474,15252915.9474,38443731.89,0.0002,40409.7813,7203,iQuantumSummary-stress-15-04-2026_16-05-09.csv
stress,MQT-Set04-7-127-AllOpt-IBMMapped-Extra.csv,Lottery,7315,7315,1497,5818,0,1.0,0.2046,0.7954,12006849.6252,18908.9317,12025758.5569,12025758.5569,34165268.82,0.0002,30254.2907,7303,iQuantumSummary-stress-15-04-2026_16-05-09.csv
stress,MQT-Set04-7-127-AllOpt-IBMMapped-Extra.csv,FCFS,7315,7315,1497,5818,0,1.0,0.2046,0.7954,202025354.3378,70580.7531,202095935.0908,202095935.0908,511010123.45,0.0,112929.2049,6893,iQuantumSummary-stress-15-04-2026_16-05-09.csv
stress,MQT-Set04-7-127-AllOpt-IBMMapped-Extra.csv,LoadAware,7315,7315,1497,5818,0,1.0,0.2046,0.7954,15414074.8636,34132.9202,15448207.7838,15448207.7838,89614837.61,0.0001,54612.6723,7031,iQuantumSummary-stress-15-04-2026_16-05-09.csv
stress,MQT-Set04-7-127-AllOpt-IBMMapped-Extra.csv,QCLAR,7315,7315,1497,5818,0,1.0,0.2046,0.7954,11847379.9255,19363.5652,11866743.4907,11866743.4907,31789198.31,0.0002,30981.7043,7257,iQuantumSummary-stress-15-04-2026_16-05-09.csv
stress,MQT-Set04-7-127-AllOpt-IBMMapped-Extra.csv,QCLAAR,7315,7315,1497,5818,0,1.0,0.2046,0.7954,11616648.4019,20005.9685,11636654.3704,11636654.3704,32793659.09,0.0002,32009.5496,4642,iQuantumSummary-stress-15-04-2026_16-05-09.csv
stress,MQT-Set01-298-10-27-IBMQ27-Opt3-Extra.csv,Lottery,298,298,298,0,0,1.0,1.0,0.0,101610.2281,1761.8898,103372.1179,103372.1179,291876.29,0.001,2819.0237,146,iQuantumSummary-stress-15-04-2026_16-06-44.csv
stress,MQT-Set01-298-10-27-IBMQ27-Opt3-Extra.csv,FCFS,298,298,298,0,0,1.0,1.0,0.0,246699.6756,1519.0365,248218.712,248218.712,452672.87,0.0007,2430.4584,63,iQuantumSummary-stress-15-04-2026_16-06-44.csv
stress,MQT-Set01-298-10-27-IBMQ27-Opt3-Extra.csv,LoadAware,298,298,298,0,0,1.0,1.0,0.0,57793.0979,1801.4494,59594.5473,59594.5473,290883.46,0.001,2882.319,45,iQuantumSummary-stress-15-04-2026_16-06-44.csv
stress,MQT-Set01-298-10-27-IBMQ27-Opt3-Extra.csv,QCLAR,298,298,298,0,0,1.0,1.0,0.0,56461.1283,1769.2657,58230.394,58230.394,261795.1,0.0011,2830.8251,49,iQuantumSummary-stress-15-04-2026_16-06-44.csv
stress,MQT-Set01-298-10-27-IBMQ27-Opt3-Extra.csv,QCLAAR,298,298,298,0,0,1.0,1.0,0.0,56461.1283,1769.2657,58230.394,58230.394,261795.1,0.0011,2830.8251,40,iQuantumSummary-stress-15-04-2026_16-06-44.csv
stress,MQT-Set02-10-27-Mapped-AllAlgorithmLeft-Extra.csv,Lottery,1133,1133,1133,0,0,1.0,1.0,0.0,1043112.8292,4692.2064,1047805.0357,1047805.0357,3030343.38,0.0004,7507.5303,162,iQuantumSummary-stress-15-04-2026_16-06-44.csv
stress,MQT-Set02-10-27-Mapped-AllAlgorithmLeft-Extra.csv,FCFS,1133,1133,1133,0,0,1.0,1.0,0.0,2675334.1733,3938.2962,2679272.4695,2679272.4695,4462089.59,0.0003,6301.2739,149,iQuantumSummary-stress-15-04-2026_16-06-44.csv
stress,MQT-Set02-10-27-Mapped-AllAlgorithmLeft-Extra.csv,LoadAware,1133,1133,1133,0,0,1.0,1.0,0.0,633447.3694,4691.3382,638138.7076,638138.7076,2895691.93,0.0004,7506.1411,102,iQuantumSummary-stress-15-04-2026_16-06-44.csv
stress,MQT-Set02-10-27-Mapped-AllAlgorithmLeft-Extra.csv,QCLAR,1133,1133,1133,0,0,1.0,1.0,0.0,629124.8844,4613.3941,633738.2785,633738.2785,2606122.97,0.0004,7381.4305,107,iQuantumSummary-stress-15-04-2026_16-06-44.csv
stress,MQT-Set02-10-27-Mapped-AllAlgorithmLeft-Extra.csv,QCLAAR,1133,1133,1133,0,0,1.0,1.0,0.0,629124.8844,4613.3941,633738.2785,633738.2785,2606122.97,0.0004,7381.4305,100,iQuantumSummary-stress-15-04-2026_16-06-44.csv
stress,MQT-Set03-7-127-AllOpt-IBMMapped-Only127-Extra.csv,Lottery,5818,5818,0,5818,0,1.0,0.0,1.0,15375503.6843,23397.6547,15398901.339,15398901.339,36464869.0,0.0002,37436.2476,4100,iQuantumSummary-stress-15-04-2026_16-06-44.csv
stress,MQT-Set03-7-127-AllOpt-IBMMapped-Only127-Extra.csv,FCFS,5818,5818,0,5818,0,1.0,0.0,1.0,263949774.7187,91023.8494,264040798.5681,264040798.5681,529576755.93,0.0,145638.1591,3883,iQuantumSummary-stress-15-04-2026_16-06-44.csv
stress,MQT-Set03-7-127-AllOpt-IBMMapped-Only127-Extra.csv,LoadAware,5818,5818,0,5818,0,1.0,0.0,1.0,21171859.4369,44152.34,21216011.777,21216011.777,90321312.34,0.0001,70643.7441,3804,iQuantumSummary-stress-15-04-2026_16-06-44.csv
stress,MQT-Set03-7-127-AllOpt-IBMMapped-Only127-Extra.csv,QCLAR,5818,5818,0,5818,0,1.0,0.0,1.0,15320713.3679,26049.7555,15346763.1234,15346763.1234,37419998.51,0.0002,41679.6087,3880,iQuantumSummary-stress-15-04-2026_16-06-44.csv
stress,MQT-Set03-7-127-AllOpt-IBMMapped-Only127-Extra.csv,QCLAAR,5818,5818,0,5818,0,1.0,0.0,1.0,15227659.834,25256.1133,15252915.9474,15252915.9474,38443731.89,0.0002,40409.7813,3862,iQuantumSummary-stress-15-04-2026_16-06-44.csv
stress,MQT-Set04-7-127-AllOpt-IBMMapped-Extra.csv,Lottery,7315,7315,1497,5818,0,1.0,0.2046,0.7954,12136913.5455,18055.1701,12154968.7156,12154968.7156,38031262.96,0.0002,28888.2721,3992,iQuantumSummary-stress-15-04-2026_16-06-44.csv
stress,MQT-Set04-7-127-AllOpt-IBMMapped-Extra.csv,FCFS,7315,7315,1497,5818,0,1.0,0.2046,0.7954,202025354.3378,70580.7531,202095935.0908,202095935.0908,511010123.45,0.0,112929.2049,4072,iQuantumSummary-stress-15-04-2026_16-06-44.csv
stress,MQT-Set04-7-127-AllOpt-IBMMapped-Extra.csv,LoadAware,7315,7315,1497,5818,0,1.0,0.2046,0.7954,15414074.8636,34132.9202,15448207.7838,15448207.7838,89614837.61,0.0001,54612.6723,3948,iQuantumSummary-stress-15-04-2026_16-06-44.csv
stress,MQT-Set04-7-127-AllOpt-IBMMapped-Extra.csv,QCLAR,7315,7315,1497,5818,0,1.0,0.2046,0.7954,11847379.9255,19363.5652,11866743.4907,11866743.4907,31789198.31,0.0002,30981.7043,3949,iQuantumSummary-stress-15-04-2026_16-06-44.csv
stress,MQT-Set04-7-127-AllOpt-IBMMapped-Extra.csv,QCLAAR,7315,7315,1497,5818,0,1.0,0.2046,0.7954,11616648.4019,20005.9685,11636654.3704,11636654.3704,32793659.09,0.0002,32009.5496,3962,iQuantumSummary-stress-15-04-2026_16-06-44.csv
stress,MQT-Set01-298-10-27-IBMQ27-Opt3-Extra.csv,Lottery,298,298,298,0,0,1.0,1.0,0.0,95809.5377,1767.518,97577.0557,97577.0557,232343.98,0.0013,2828.0288,138,iQuantumSummary-stress-15-04-2026_16-07-46.csv
stress,MQT-Set01-298-10-27-IBMQ27-Opt3-Extra.csv,FCFS,298,298,298,0,0,1.0,1.0,0.0,246699.6756,1519.0365,248218.712,248218.712,452672.87,0.0007,2430.4584,79,iQuantumSummary-stress-15-04-2026_16-07-46.csv
stress,MQT-Set01-298-10-27-IBMQ27-Opt3-Extra.csv,LoadAware,298,298,298,0,0,1.0,1.0,0.0,57793.0979,1801.4494,59594.5473,59594.5473,290883.46,0.001,2882.319,73,iQuantumSummary-stress-15-04-2026_16-07-46.csv
stress,MQT-Set01-298-10-27-IBMQ27-Opt3-Extra.csv,QCLAR,298,298,298,0,0,1.0,1.0,0.0,56461.1283,1769.2657,58230.394,58230.394,261795.1,0.0011,2830.8251,56,iQuantumSummary-stress-15-04-2026_16-07-46.csv
stress,MQT-Set01-298-10-27-IBMQ27-Opt3-Extra.csv,QCLAAR,298,298,298,0,0,1.0,1.0,0.0,56461.1283,1769.2657,58230.394,58230.394,261795.1,0.0011,2830.8251,58,iQuantumSummary-stress-15-04-2026_16-07-46.csv
stress,MQT-Set02-10-27-Mapped-AllAlgorithmLeft-Extra.csv,Lottery,1133,1133,1133,0,0,1.0,1.0,0.0,1075734.1665,4803.031,1080537.1975,1080537.1975,3934902.8,0.0003,7684.8495,185,iQuantumSummary-stress-15-04-2026_16-07-46.csv
stress,MQT-Set02-10-27-Mapped-AllAlgorithmLeft-Extra.csv,FCFS,1133,1133,1133,0,0,1.0,1.0,0.0,2675334.1733,3938.2962,2679272.4695,2679272.4695,4462089.59,0.0003,6301.2739,112,iQuantumSummary-stress-15-04-2026_16-07-46.csv
stress,MQT-Set02-10-27-Mapped-AllAlgorithmLeft-Extra.csv,LoadAware,1133,1133,1133,0,0,1.0,1.0,0.0,633447.3694,4691.3382,638138.7076,638138.7076,2895691.93,0.0004,7506.1411,129,iQuantumSummary-stress-15-04-2026_16-07-46.csv
stress,MQT-Set02-10-27-Mapped-AllAlgorithmLeft-Extra.csv,QCLAR,1133,1133,1133,0,0,1.0,1.0,0.0,629124.8844,4613.3941,633738.2785,633738.2785,2606122.97,0.0004,7381.4305,114,iQuantumSummary-stress-15-04-2026_16-07-46.csv
stress,MQT-Set02-10-27-Mapped-AllAlgorithmLeft-Extra.csv,QCLAAR,1133,1133,1133,0,0,1.0,1.0,0.0,629124.8844,4613.3941,633738.2785,633738.2785,2606122.97,0.0004,7381.4305,104,iQuantumSummary-stress-15-04-2026_16-07-46.csv
stress,MQT-Set03-7-127-AllOpt-IBMMapped-Only127-Extra.csv,Lottery,5818,5818,0,5818,0,1.0,0.0,1.0,15462023.9478,23153.1629,15485177.1107,15485177.1107,34214170.12,0.0002,37045.0606,3902,iQuantumSummary-stress-15-04-2026_16-07-46.csv
stress,MQT-Set03-7-127-AllOpt-IBMMapped-Only127-Extra.csv,FCFS,5818,5818,0,5818,0,1.0,0.0,1.0,263949774.7187,91023.8494,264040798.5681,264040798.5681,529576755.93,0.0,145638.1591,3745,iQuantumSummary-stress-15-04-2026_16-07-46.csv
stress,MQT-Set03-7-127-AllOpt-IBMMapped-Only127-Extra.csv,LoadAware,5818,5818,0,5818,0,1.0,0.0,1.0,21171859.4369,44152.34,21216011.777,21216011.777,90321312.34,0.0001,70643.7441,3908,iQuantumSummary-stress-15-04-2026_16-07-46.csv
stress,MQT-Set03-7-127-AllOpt-IBMMapped-Only127-Extra.csv,QCLAR,5818,5818,0,5818,0,1.0,0.0,1.0,15320713.3679,26049.7555,15346763.1234,15346763.1234,37419998.51,0.0002,41679.6087,3730,iQuantumSummary-stress-15-04-2026_16-07-46.csv
stress,MQT-Set03-7-127-AllOpt-IBMMapped-Only127-Extra.csv,QCLAAR,5818,5818,0,5818,0,1.0,0.0,1.0,15227659.834,25256.1133,15252915.9474,15252915.9474,38443731.89,0.0002,40409.7813,3703,iQuantumSummary-stress-15-04-2026_16-07-46.csv
stress,MQT-Set04-7-127-AllOpt-IBMMapped-Extra.csv,Lottery,7315,7315,1497,5818,0,1.0,0.2046,0.7954,12214542.7887,18246.3032,12232789.0918,12232789.0918,37822136.13,0.0002,29194.0851,3865,iQuantumSummary-stress-15-04-2026_16-07-46.csv
stress,MQT-Set04-7-127-AllOpt-IBMMapped-Extra.csv,FCFS,7315,7315,1497,5818,0,1.0,0.2046,0.7954,202025354.3378,70580.7531,202095935.0908,202095935.0908,511010123.45,0.0,112929.2049,3846,iQuantumSummary-stress-15-04-2026_16-07-46.csv
stress,MQT-Set04-7-127-AllOpt-IBMMapped-Extra.csv,LoadAware,7315,7315,1497,5818,0,1.0,0.2046,0.7954,15414074.8636,34132.9202,15448207.7838,15448207.7838,89614837.61,0.0001,54612.6723,3902,iQuantumSummary-stress-15-04-2026_16-07-46.csv
stress,MQT-Set04-7-127-AllOpt-IBMMapped-Extra.csv,QCLAR,7315,7315,1497,5818,0,1.0,0.2046,0.7954,11847379.9255,19363.5652,11866743.4907,11866743.4907,31789198.31,0.0002,30981.7043,3887,iQuantumSummary-stress-15-04-2026_16-07-46.csv
stress,MQT-Set04-7-127-AllOpt-IBMMapped-Extra.csv,QCLAAR,7315,7315,1497,5818,0,1.0,0.2046,0.7954,11616648.4019,20005.9685,11636654.3704,11636654.3704,32793659.09,0.0002,32009.5496,3917,iQuantumSummary-stress-15-04-2026_16-07-46.csv
stress,MQT-Set01-298-10-27-IBMQ27-Opt3-Extra.csv,Lottery,298,298,298,0,0,1.0,1.0,0.0,86810.7957,1732.0005,88542.7961,88542.7961,211122.18,0.0014,2771.2008,162,iQuantumSummary-stress-15-04-2026_16-08-45.csv
stress,MQT-Set01-298-10-27-IBMQ27-Opt3-Extra.csv,FCFS,298,298,298,0,0,1.0,1.0,0.0,246699.6756,1519.0365,248218.712,248218.712,452672.87,0.0007,2430.4584,85,iQuantumSummary-stress-15-04-2026_16-08-45.csv
stress,MQT-Set01-298-10-27-IBMQ27-Opt3-Extra.csv,LoadAware,298,298,298,0,0,1.0,1.0,0.0,57793.0979,1801.4494,59594.5473,59594.5473,290883.46,0.001,2882.319,85,iQuantumSummary-stress-15-04-2026_16-08-45.csv
stress,MQT-Set01-298-10-27-IBMQ27-Opt3-Extra.csv,QCLAR,298,298,298,0,0,1.0,1.0,0.0,56461.1283,1769.2657,58230.394,58230.394,261795.1,0.0011,2830.8251,61,iQuantumSummary-stress-15-04-2026_16-08-45.csv
stress,MQT-Set01-298-10-27-IBMQ27-Opt3-Extra.csv,QCLAAR,298,298,298,0,0,1.0,1.0,0.0,56461.1283,1769.2657,58230.394,58230.394,261795.1,0.0011,2830.8251,66,iQuantumSummary-stress-15-04-2026_16-08-45.csv
stress,MQT-Set02-10-27-Mapped-AllAlgorithmLeft-Extra.csv,Lottery,1133,1133,1133,0,0,1.0,1.0,0.0,1004378.1873,4455.7683,1008833.9556,1008833.9556,2526452.17,0.0004,7129.2293,140,iQuantumSummary-stress-15-04-2026_16-08-45.csv
stress,MQT-Set02-10-27-Mapped-AllAlgorithmLeft-Extra.csv,FCFS,1133,1133,1133,0,0,1.0,1.0,0.0,2675334.1733,3938.2962,2679272.4695,2679272.4695,4462089.59,0.0003,6301.2739,124,iQuantumSummary-stress-15-04-2026_16-08-45.csv
stress,MQT-Set02-10-27-Mapped-AllAlgorithmLeft-Extra.csv,LoadAware,1133,1133,1133,0,0,1.0,1.0,0.0,633447.3694,4691.3382,638138.7076,638138.7076,2895691.93,0.0004,7506.1411,121,iQuantumSummary-stress-15-04-2026_16-08-45.csv
stress,MQT-Set02-10-27-Mapped-AllAlgorithmLeft-Extra.csv,QCLAR,1133,1133,1133,0,0,1.0,1.0,0.0,629124.8844,4613.3941,633738.2785,633738.2785,2606122.97,0.0004,7381.4305,109,iQuantumSummary-stress-15-04-2026_16-08-45.csv
stress,MQT-Set02-10-27-Mapped-AllAlgorithmLeft-Extra.csv,QCLAAR,1133,1133,1133,0,0,1.0,1.0,0.0,629124.8844,4613.3941,633738.2785,633738.2785,2606122.97,0.0004,7381.4305,114,iQuantumSummary-stress-15-04-2026_16-08-45.csv
stress,MQT-Set03-7-127-AllOpt-IBMMapped-Only127-Extra.csv,Lottery,5818,5818,0,5818,0,1.0,0.0,1.0,15622196.5976,22870.5235,15645067.1211,15645067.1211,36914722.89,0.0002,36592.8376,4658,iQuantumSummary-stress-15-04-2026_16-08-45.csv
stress,MQT-Set03-7-127-AllOpt-IBMMapped-Only127-Extra.csv,FCFS,5818,5818,0,5818,0,1.0,0.0,1.0,263949774.7187,91023.8494,264040798.5681,264040798.5681,529576755.93,0.0,145638.1591,4307,iQuantumSummary-stress-15-04-2026_16-08-45.csv
stress,MQT-Set03-7-127-AllOpt-IBMMapped-Only127-Extra.csv,LoadAware,5818,5818,0,5818,0,1.0,0.0,1.0,21171859.4369,44152.34,21216011.777,21216011.777,90321312.34,0.0001,70643.7441,4000,iQuantumSummary-stress-15-04-2026_16-08-45.csv
stress,MQT-Set03-7-127-AllOpt-IBMMapped-Only127-Extra.csv,QCLAR,5818,5818,0,5818,0,1.0,0.0,1.0,15320713.3679,26049.7555,15346763.1234,15346763.1234,37419998.51,0.0002,41679.6087,4203,iQuantumSummary-stress-15-04-2026_16-08-45.csv
stress,MQT-Set03-7-127-AllOpt-IBMMapped-Only127-Extra.csv,QCLAAR,5818,5818,0,5818,0,1.0,0.0,1.0,15227659.834,25256.1133,15252915.9474,15252915.9474,38443731.89,0.0002,40409.7813,4106,iQuantumSummary-stress-15-04-2026_16-08-45.csv
stress,MQT-Set04-7-127-AllOpt-IBMMapped-Extra.csv,Lottery,7315,7315,1497,5818,0,1.0,0.2046,0.7954,11979119.8401,19002.3982,11998122.2383,11998122.2383,33581140.45,0.0002,30403.8371,4271,iQuantumSummary-stress-15-04-2026_16-08-45.csv
stress,MQT-Set04-7-127-AllOpt-IBMMapped-Extra.csv,FCFS,7315,7315,1497,5818,0,1.0,0.2046,0.7954,202025354.3378,70580.7531,202095935.0908,202095935.0908,511010123.45,0.0,112929.2049,4139,iQuantumSummary-stress-15-04-2026_16-08-45.csv
stress,MQT-Set04-7-127-AllOpt-IBMMapped-Extra.csv,LoadAware,7315,7315,1497,5818,0,1.0,0.2046,0.7954,15414074.8636,34132.9202,15448207.7838,15448207.7838,89614837.61,0.0001,54612.6723,4500,iQuantumSummary-stress-15-04-2026_16-08-45.csv
stress,MQT-Set04-7-127-AllOpt-IBMMapped-Extra.csv,QCLAR,7315,7315,1497,5818,0,1.0,0.2046,0.7954,11847379.9255,19363.5652,11866743.4907,11866743.4907,31789198.31,0.0002,30981.7043,6473,iQuantumSummary-stress-15-04-2026_16-08-45.csv
stress,MQT-Set04-7-127-AllOpt-IBMMapped-Extra.csv,QCLAAR,7315,7315,1497,5818,0,1.0,0.2046,0.7954,11616648.4019,20005.9685,11636654.3704,11636654.3704,32793659.09,0.0002,32009.5496,6511,iQuantumSummary-stress-15-04-2026_16-08-45.csv
